Фітнес-браслет Honor Band 4 Black,699,https://hotline.ua/img//tx/191/1910645371.jpg
Електронна книга Amazon Kindle All-new 10th...,2950,https://hotline.ua/img//tx/193/1932772091.jpg
Сумка-холодильник GioStyle Easy Style C,259,https://hotline.ua/img//tx/199/1993926331.jpg
Планшет Apple iPad Air 2019 Wi-Fi + Cellular...,16801,https://hotline.ua/img//tx/191/1910147661.jpg
Смартфон Samsung Galaxy S10 Plus SM-G975 DS...,19040,https://hotline.ua/img//tx/189/1892671581.jpg
портативний вентилятор Xiaomi Mi portable...,105,https://hotline.ua/img//tx/418/418463771.jpg
Фен Dyson HD01 Supersonic Fuchsia...,11067,https://hotline.ua/img//tx/189/1897284661.jpg
Смартфон Google Pixel 3a 4/64GB Clearly White,14499,https://hotline.ua/img//tx/196/1968838771.jpg
Вентилятор Ardesto FN-R1608CB,587,https://hotline.ua/img//tx/174/1748075901.jpg
Дитячий басейн Intex Тачки (28103),729,https://hotline.ua/img//tx/193/1931067001.jpg
Смартфон OnePlus 7 Pro 6/128GB Mirror Gray,22599,https://hotline.ua/img//tx/197/1975046301.jpg
пляжний килимок Nils Camp NC1300 / Red,189,https://hotline.ua/img//tx/196/1964788501.jpg
Сандалії Vagabond Сандалии (4531-001-20),2380,https://i1.hotline.ua/price/i/456/549/261_s100.jpg
Сонцезахисні окуляри Turok Steinhardt...,699,https://i1.hotline.ua/price/i/394/080/178_s100.jpg
Біговел Chillafish Bunzi Африка (CPBN01F07),1939,https://hotline.ua/img//tx/192/1923208461.jpg
Кондиціонер GREE GWH18QD-K3DNB6C/I,8922,https://hotline.ua/img//tx/199/1994886171.jpg
Смартфон HUAWEI P30 6/128GB Aurora (51093NDH),15900,https://hotline.ua/img//tx/193/1939756511.jpg
Електроскутер  AIMA Power Eagle,22998,https://hotline.ua/img//tx/187/1876445081.jpg
Намет Terra Incognita Ksena 2,3443,https://hotline.ua/img//tx/138/1382011.jpg
Купальник Conte Купальник слитный с...,1259,https://i1.hotline.ua/price/i/457/893/458_s100.jpg
Планшет Apple iPad mini 5 Wi-Fi + Cellular...,14440,https://hotline.ua/img//tx/191/1910147491.jpg
Фотоепілятор Braun Silk-expert Pro 5 IPL PL 5137,11699,https://hotline.ua/img//tx/194/1942183931.jpg
Електросамокат MiJia Electric Scooter...,10782,https://hotline.ua/img//tx/141/1419926631.jpg
Валіза RunMi 90 points suitcase Blue aurora 24,2309,https://hotline.ua/img//tx/728/728935071.jpg
TWS навушники Apple AirPods with Wireless...,5195,https://hotline.ua/img//tx/191/1911608971.jpg
Велосипед Discovery Trek 29" 2019 / рама 20...,4161,https://hotline.ua/img//tx/194/1948675691.jpg
Газонокосарка Grunhelm S461VHY,5936,https://hotline.ua/img//tx/195/1959683471.jpg
Фітнес-браслет Xiaomi Mi Smart Band 4 Black,1289,https://hotline.ua/img//tx/199/1990664401.jpg
Зонт садовий IKEA SEGLARO зонт с...,7254,https://hotline.ua/img//tx/167/1675138441.jpg
Смартфон HUAWEI P30 Pro 8/256GB Breathing...,23598,https://hotline.ua/img//tx/193/1939761561.jpg
Xiaomi Mi Pad 4 Plus 4/64GB LTE Black,8135,https://hotline.ua/img//tx/181/1816975511.jpg
Xiaomi Mi Pad 4 4/64GB Wi-Fi Black,5544,https://hotline.ua/img//tx/199/1991999271.jpg
Xiaomi Mi Pad 4 Plus 4/128GB LTE Black,9874,https://hotline.ua/img//tx/182/1820171301.jpg
Xiaomi Mi Pad 4 4/64GB Wi-Fi Gold,5200,https://hotline.ua/img//tx/199/1991600511.jpg
Logitech K400 Plus Black (920-007147),720,https://hotline.ua/img//tx/362/362240491.jpg